Phase,Window,Areas / panels,Panels,Points,Shoulder-season state,Swap method,Risk
0,March (prep),System / central head-end (B2F) — 시스템 제어반,1,25,n/a — runs in parallel,"Stand up new head-end alongside FX2; prefab panels; bench-test programs; point-verify vs the 4,467-pt I/O list",Prep
1,early Apr,"Penthouse (PH1/PH2) — rooftop plant, R-1 chiller, OAUs — RS-PH2-1, RS-PH1-3, CP-PH1-3, CP-R-1, RCP-PH1-3, RCP-PH1-2, RCP-PH1-1, CP-PH-1, RS-PH1-1",9,710,Idle — no mechanical cooling; rooftop towers / R-1 / OAU off,Power down & swap cold; recommission before any warm spell,Low
2,April–May,"Guest & public floors — 31F, 21F, 10F, 4F–1F (incl. EVU-6) — RS-31-1, RS-21-1, RS-10-1, RCP-4-1, RCP-4-2, RCP-4-3, RCP-4-4, CP-4-4, RS-4-1, RS-4-2, RCP-3-1, RCP-3-2, RS-3-1, RS-3-2A, RS-3-2B, RCP-2-2, RCP-2-3, RS-2-1, RS-2-2, RS-2-3, RCP-1-1, RCP-1-2, RCP-1-3, RS-1-1, RS-1-2, EVU-6",26,2083,Economizer free-cooling / DHC carries the occupied floors,"Guest-floor RS/RCP risers to local; swap overnight, one riser/floor at a time",Moderate
3,Apr–May (last),"Basements B1–B3 — plant, hydronics, DHC intake, packaged units — RCP-B1-1, RCP-B1-2, RCP-B1-3, RCP-B1-4, RCP-B1-5, CP-B1-2, CP-B1-3, CP-B1-4, RS-B1-1, RS-B1-2, RS-B1-3, RCP-B2-1, RCP-B2-2, RCP-B2-3, RCP-B2-4, CP-B2-3, CP-B2-4, RS-B2-1, RS-B2-2, RS-B2-3, RS-B2-4B, RS-B2-4A, RS-B2-5, RS-B2-6, RS-B2-7, RCP-B3-1, RCP-B3-2, RCP-B3-3, CP-B3-2, RS-B3-1, P-1",31,1649,Heating off; only trickle CHW; DHC live as safety net,Pumps / HX / hydronics one at a time on local fixed-speed; duty & standby never both down; DHC-intake panels done last with district coordination (low-occupancy weekend),Critical
TOTAL,,,67,4467,,,

Manual-operation playbook
System,Local-mode setup,Watch-out
AHU / OAU fans,"COS→手元, fan hand-ON, OA damper fixed ~100% (economizer), DHC coil valve left manually crackable",Warm spell → be able to open the cooling valve within minutes
CHW / HW pumps,One pump hand-ON at fixed speed; DP/bypass set manually,Keep duty OR standby always available; protect domestic-hot-water continuity
Cooling towers / condenser / R-1,Leave isolated & de-energised,None — off-season; recommission before enabling mechanical cooling
DHC intake,"Intake isolation + energy valves and pumps to local manual, fixed position",Primary source — coordinate with district operator; do these basement panels last
Packaged units (IT/elec rooms),"DX on local thermostat, continuous run",24/7 critical rooms — stage spare/portable cooling; swap one unit at a time
Lighting,Local switching / manual override per circuit,"Aviation obstruction light is regulatory life-safety — independent circuit, always lit"
