Panel,Controller,Equipment,Control strategy,Points,Sequence of operations
LCP-DHC,DDC-DHC-01,DHC-CHW,Intake valve modulates to CHW setpoint / thermal demand,10,"Purpose: Primary cooling source: modulate the DHC intake so the building CHW header / thermal demand is met at minimum district energy + demand cost. | Control: Modulate intake control valve `DHC-CHW.CV` (feedback `DHC-CHW.CVFB`) to hold the CHW supply setpoint on `DHC-CHW.CS-T` (return `DHC-CHW.CR-T`); cap opening during the district peak window. Meter thermal energy `DHC-CHW.GJ` and flow `DHC-CHW.FLW` for demand limiting; coordinate changeover with R-1 (CHGV-1/2). | Safeties & monitoring: High/low supply-temp and header-pressure alarms (`DHC-CHW.CS-T`, `DHC-CHW.CS-P`); low-flow / valve-fault supervision; open the valve on loss of BMS (fail-safe cooling)."
LCP-DHC,DDC-DHC-02,DHC-STEAM,PRV to 0.2 MPa header + condensate metering,7,"Purpose: DHC steam intake: reduce 0.8 MPa district steam to the 0.2 MPa house header and meter mass flow + condensate return. | Control: PRV holds the 0.2 MPa header setpoint; meter steam mass `DHC-STEAM.MASS` and condensate hot-return `DHC-STEAM.HR-M` back to the hot-well. Enable in heating season only; isolate and drain in cooling season (Apr–May off). | Safeties: Over-pressure relief, high-header-pressure alarm, condensate-level and trap supervision."
LCP-DHC,DDC-DHC-03,HWT-1,Level control + makeup,5,Purpose: Hot-well / condensate tank: buffer condensate return to the district. | Control: Level control with makeup; high/low-level alarms.
LCP-DHC,DDC-DHC-04,"HP-5-1, HP-5-2, HP-3-1",Level-controlled condensate/kitchen pumps,21,"Purpose: Hot-well / condensate-return pumps: maintain loop flow for the served load. | Sequencing: Start/stop on system demand via `HP-5-1.SS`, one pump at a time with flow/Δp proof. Lead/lag/standby across 3 pumps (HP-5-1, HP-5-2, HP-3-1): stage on demand, rotate lead on equal run-hours, prove each start before staging the next. | Modulation & reset: VFD (`*.SPD`, feedback `*.SPDFB`) modulates to hold the hot-well level; reset the Δp setpoint down to the most-open served valve (variable-flow). | Safeties & monitoring: Prove flow before loading; trip on `*.TRIP`; low-Δp / no-flow and pump-fault alarms; protect duty OR standby availability at all times."
LCP-DHC,DDC-DHC-05,HP-3-2,Level-controlled condensate/kitchen pumps,7,"Purpose: Hot-well / condensate-return pumps: maintain loop flow for the served load. | Sequencing: Start/stop on system demand via `HP-3-2.SS`. | Modulation & reset: VFD (`*.SPD`, feedback `*.SPDFB`) modulates to hold the hot-well level; reset the Δp setpoint down to the most-open served valve (variable-flow). | Safeties & monitoring: Prove flow before loading; trip on `*.TRIP`; low-Δp / no-flow and pump-fault alarms; protect duty OR standby availability at all times."
LCP-DHC,DDC-DHC-06,"MTR-ELEC-MAIN, MTR-GAS-MAIN, MTR-WATER-MAIN",Energy integration (monitor only),3,"Purpose: Energy metering (no control output). | Function: Integrate pulse/analog energy for trend, demand limiting and peak monitoring; feed the dispatch/peak-shave logic."
LCP-DHC,DDC-DHC-07,"MTR-DHC-CHW, MTR-DHC-STEAM, MTR-DHC-COND",Energy integration (monitor only),3,"Purpose: Energy metering (no control output). | Function: Integrate pulse/analog energy for trend, demand limiting and peak monitoring; feed the dispatch/peak-shave logic."
LCP-CT,DDC-CT-01,"CT-1-1, CT-1-2, CT-1",INV fan cells hold wet-bulb-reset condenser setpoint,16,"Purpose: Reject condenser heat and hold the condenser-water setpoint at minimum fan energy. | Staging & reset: Condenser-water setpoint = wet-bulb + approach, floored for chiller min-lift. INV fan cells `*.SPD` (feedback `*.SPDFB`) modulate together to hold setpoint; stage cells (CT-1-1, CT-1-2) as load rises; start/stop `*.SS`. Sequence with condenser pumps + chiller; run only when the chiller/free-cooling calls. | Safeties & monitoring: Basin E/H heater on low temp (freeze); makeup/level & conductivity (blowdown, Legionella control); fan INV fault `*.TRIP`; run status `*.RUN`."
LCP-CT,DDC-CT-02,"CT-2-1, CT-2-2, CT-2",INV fan cells hold wet-bulb-reset condenser setpoint,18,"Purpose: Reject condenser heat and hold the condenser-water setpoint at minimum fan energy. | Staging & reset: Condenser-water setpoint = wet-bulb + approach, floored for chiller min-lift. INV fan cells `*.SPD` (feedback `*.SPDFB`) modulate together to hold setpoint; stage cells (CT-2-1, CT-2-2) as load rises; start/stop `*.SS`. Sequence with condenser pumps + chiller; run only when the chiller/free-cooling calls. | Safeties & monitoring: Basin E/H heater on low temp (freeze); makeup/level & conductivity (blowdown, Legionella control); fan INV fault `*.TRIP`; run status `*.RUN`."
LCP-CT,DDC-CT-03,"CT-3-1, CT-3",INV fan cells hold wet-bulb-reset condenser setpoint,11,"Purpose: Reject condenser heat and hold the condenser-water setpoint at minimum fan energy. | Staging & reset: Condenser-water setpoint = wet-bulb + approach, floored for chiller min-lift. INV fan cells `*.SPD` (feedback `*.SPDFB`) modulate together to hold setpoint; stage cells (CT-3-1) as load rises; start/stop `*.SS`. Sequence with condenser pumps + chiller; run only when the chiller/free-cooling calls. | Safeties & monitoring: Basin E/H heater on low temp (freeze); makeup/level & conductivity (blowdown, Legionella control); fan INV fault `*.TRIP`; run status `*.RUN`."
LCP-CT,DDC-CT-04,"CDP-1-1, CDP-1-2, CDP-1-3",Duty/standby with chiller; flow-proof,12,"Purpose: Condenser-water pumps: maintain loop flow for the served load. | Sequencing: Start/stop on system demand via `CDP-1-1.SS`, one pump at a time with flow/Δp proof. Lead/lag/standby across 3 pumps (CDP-1-1, CDP-1-2, CDP-1-3): stage on demand, rotate lead on equal run-hours, prove each start before staging the next. | Modulation & reset: Constant-speed; maintain header differential pressure via staging and the min-flow bypass. | Safeties & monitoring: Prove flow before loading; trip on `*.TRIP`; low-Δp / no-flow and pump-fault alarms; protect duty OR standby availability at all times."
LCP-CT,DDC-CT-05,"CDP-2-1, CDP-2-2, CDP-3-1",Duty/standby with chiller; flow-proof,12,"Purpose: Condenser-water pumps: maintain loop flow for the served load. | Sequencing: Start/stop on system demand via `CDP-2-1.SS`, one pump at a time with flow/Δp proof. Lead/lag/standby across 3 pumps (CDP-2-1, CDP-2-2, CDP-3-1): stage on demand, rotate lead on equal run-hours, prove each start before staging the next. | Modulation & reset: Constant-speed; maintain header differential pressure via staging and the min-flow bypass. | Safeties & monitoring: Prove flow before loading; trip on `*.TRIP`; low-Δp / no-flow and pump-fault alarms; protect duty OR standby availability at all times."
LCP-CT,DDC-CT-06,CDP-3-2,Duty/standby with chiller; flow-proof,4,Purpose: Condenser-water pumps: maintain loop flow for the served load. | Sequencing: Start/stop on system demand via `CDP-3-2.SS`. | Modulation & reset: Constant-speed; maintain header differential pressure via staging and the min-flow bypass. | Safeties & monitoring: Prove flow before loading; trip on `*.TRIP`; low-Δp / no-flow and pump-fault alarms; protect duty OR standby availability at all times.
LCP-CT,DDC-CT-07,"EX-1, EMHX-1, EMHX-2",Tower free-cooling when wet-bulb low; Emergency DHC HX standby,9,"Purpose: Winter/shoulder free-cooling: use the cooling tower to make chilled water via the HX when wet-bulb is low enough, displacing the chiller. | Control: Enable when tower-approachable CHW temp < CHW setpoint; modulate the primary valve to hold the loop setpoint; hand over to/from mechanical cooling with hysteresis. | Safeties: Freeze protection; isolate when disabled. | Purpose: Transfer heat to the emergency DHC loop; hold the secondary supply temperature. | Control: Modulate primary control valve `*.PV` (feedback `*.PVFB`) to hold the secondary outlet setpoint `*.S-OUT` from primary inlet `*.P-IN`. Lead/lag/standby across 2 exchangers (EMHX-1, EMHX-2): stage on demand, rotate lead on equal run-hours, prove each start before staging the next. | Safeties: Freeze / high-temp limit on the secondary; valve-fault supervision; isolate on served-loop shutdown."
LCP-CT,DDC-CT-08,MTR-CDW-KWH,Energy integration (monitor only),1,"Purpose: Energy metering (no control output). | Function: Integrate pulse/analog energy for trend, demand limiting and peak monitoring; feed the dispatch/peak-shave logic."
LCP-HSL,DDC-HSL-01,"EX-2-1, EX-2-2",Primary valve modulates to secondary outlet setpoint,8,"Purpose: Transfer heat to the tempered loop; hold the secondary supply temperature. | Control: Modulate primary control valve `*.PV` (feedback `*.PVFB`) to hold the secondary outlet setpoint `*.S-OUT` from primary inlet `*.P-IN`. Lead/lag/standby across 2 exchangers (EX-2-1, EX-2-2): stage on demand, rotate lead on equal run-hours, prove each start before staging the next. | Safeties: Freeze / high-temp limit on the secondary; valve-fault supervision; isolate on served-loop shutdown."
LCP-HSL,DDC-HSL-02,"CP-1-1, CP-1-2, CP-1-3",Lead/lag VFD to header Δp (variable flow),21,"Purpose: Chilled-water distribution pumps: maintain loop flow for the served load. | Sequencing: Start/stop on system demand via `CP-1-1.SS`, one pump at a time with flow/Δp proof. Lead/lag/standby across 3 pumps (CP-1-1, CP-1-2, CP-1-3): stage on demand, rotate lead on equal run-hours, prove each start before staging the next. | Modulation & reset: VFD (`*.SPD`, feedback `*.SPDFB`) modulates to hold the header differential pressure; reset the Δp setpoint down to the most-open served valve (variable-flow). | Safeties & monitoring: Prove flow before loading; trip on `*.TRIP`; low-Δp / no-flow and pump-fault alarms; protect duty OR standby availability at all times."
LCP-HSL,DDC-HSL-03,"CP-4-1, CP-4-2, CP-5-1",Lead/lag VFD to header Δp (variable flow),21,"Purpose: Chilled-water distribution pumps: maintain loop flow for the served load. | Sequencing: Start/stop on system demand via `CP-4-1.SS`, one pump at a time with flow/Δp proof. Lead/lag/standby across 3 pumps (CP-4-1, CP-4-2, CP-5-1): stage on demand, rotate lead on equal run-hours, prove each start before staging the next. | Modulation & reset: VFD (`*.SPD`, feedback `*.SPDFB`) modulates to hold the header differential pressure; reset the Δp setpoint down to the most-open served valve (variable-flow). | Safeties & monitoring: Prove flow before loading; trip on `*.TRIP`; low-Δp / no-flow and pump-fault alarms; protect duty OR standby availability at all times."
LCP-HSL,DDC-HSL-04,CP-5-2,Lead/lag VFD to header Δp (variable flow),7,"Purpose: Chilled-water distribution pumps: maintain loop flow for the served load. | Sequencing: Start/stop on system demand via `CP-5-2.SS`. | Modulation & reset: VFD (`*.SPD`, feedback `*.SPDFB`) modulates to hold the header differential pressure; reset the Δp setpoint down to the most-open served valve (variable-flow). | Safeties & monitoring: Prove flow before loading; trip on `*.TRIP`; low-Δp / no-flow and pump-fault alarms; protect duty OR standby availability at all times."
LCP-HSL,DDC-HSL-05,"HP-1-1, HP-1-2, HP-1-3",Heating-season lead/lag to header Δp,21,"Purpose: Hot-water distribution pumps: maintain loop flow for the served load. | Sequencing: Start/stop on system demand via `HP-1-1.SS`, one pump at a time with flow/Δp proof. Lead/lag/standby across 3 pumps (HP-1-1, HP-1-2, HP-1-3): stage on demand, rotate lead on equal run-hours, prove each start before staging the next. | Modulation & reset: VFD (`*.SPD`, feedback `*.SPDFB`) modulates to hold the header differential pressure; reset the Δp setpoint down to the most-open served valve (variable-flow). | Safeties & monitoring: Prove flow before loading; trip on `*.TRIP`; low-Δp / no-flow and pump-fault alarms; protect duty OR standby availability at all times."
LCP-HSL,DDC-HSL-06,EXT-1,Loop pressurisation,3,Purpose: Loop pressurisation / expansion set. | Control: Maintain fill pressure via makeup valve/pump; low-pressure & level alarms.
LCP-HSL,DDC-HSL-07,ST-1,OA tempering to setpoint,3,Purpose: Outdoor-air station: temper and deliver ventilation air to the loop. | Control: Modulate to the OA supply setpoint; enable with the served distribution; economizer-favourable in shoulder season.
LCP-HSL,DDC-HSL-08,"AC-1, AC-2, AC-3",Schedule + SAT coil control + economizer,29,"Purpose: Air-handling units AC-1, AC-2, AC-3: maintain supply-air temperature and space conditions on the occupancy schedule. | Start / fan control: Start/stop `*.SS` on the occupancy time-program; prove `*.RUN`, alarm `*.TRIP`. Constant-volume supply fan (fixed speed). | Temperature control: Cooling coil `*.CCV` modulates to hold supply-air temp `*.SAT` (return `*.RAT`). Heating coil `*.HCV` sequenced with a deadband (no simultaneous heat/cool). Shoulder-season (Apr–May): drive to OA economizer / free-cooling — 100% OA, cooling coil closed — per the cutover plan. | Safeties & monitoring: Freeze-stat, fan-status proof, filter-DP and smoke/fire interlock (shut fan, spring-return dampers); high supply-temp alarm `*.SAT`."
LCP-HSL,DDC-HSL-09,"AC-4, AC-5, AC-6",Schedule + SAT coil control + economizer,34,"Purpose: Air-handling units AC-4, AC-5, AC-6: maintain supply-air temperature and space conditions on the occupancy schedule. | Start / fan control: Start/stop `*.SS` on the occupancy time-program; prove `*.RUN`, alarm `*.TRIP`. VFD supply fan `*.SPD` (feedback `*.SPDFB`) to duct static / demand. | Temperature control: Cooling coil `*.CCV` modulates to hold supply-air temp `*.SAT` (return `*.RAT`). Heating coil `*.HCV` sequenced with a deadband (no simultaneous heat/cool). Shoulder-season (Apr–May): drive to OA economizer / free-cooling — 100% OA, cooling coil closed — per the cutover plan. | Safeties & monitoring: Freeze-stat, fan-status proof, filter-DP and smoke/fire interlock (shut fan, spring-return dampers); high supply-temp alarm `*.SAT`."
LCP-HSL,DDC-HSL-10,AC-26,Schedule + SAT coil control + economizer,12,"Purpose: Air-handling unit AC-26: maintain supply-air temperature and space conditions on the occupancy schedule. | Start / fan control: Start/stop `*.SS` on the occupancy time-program; prove `*.RUN`, alarm `*.TRIP`. VFD supply fan `*.SPD` (feedback `*.SPDFB`) to duct static / demand. | Temperature control: Cooling coil `*.CCV` modulates to hold supply-air temp `*.SAT` (return `*.RAT`). Heating coil `*.HCV` sequenced with a deadband (no simultaneous heat/cool). Shoulder-season (Apr–May): drive to OA economizer / free-cooling — 100% OA, cooling coil closed — per the cutover plan. | Safeties & monitoring: Freeze-stat, fan-status proof, filter-DP and smoke/fire interlock (shut fan, spring-return dampers); high supply-temp alarm `*.SAT`."
LCP-HSL,DDC-HSL-11,"FCU-L-N, FCU-L-NE, FCU-L-SE",Zone thermostat + schedule batch,21,Purpose: Fan-coil zone group: maintain space temperature. | Control: Zone thermostat cycles fan / modulates the coil valve; batch on/off and night-setback by the schedule; status/alarm to BMS.
LCP-HSL,DDC-HSL-12,"FCU-L-S, FCU-L-SW",Zone thermostat + schedule batch,14,Purpose: Fan-coil zone group: maintain space temperature. | Control: Zone thermostat cycles fan / modulates the coil valve; batch on/off and night-setback by the schedule; status/alarm to BMS.
LCP-HSL,DDC-HSL-13,"SF-6, EF-28, EF-32",Scheduled ventilation / exhaust,9,"Purpose: Ventilation / exhaust: run to the occupancy schedule and IAQ demand. | Control: Start/stop `*.SS` on schedule; interlock with associated AHU / fire mode; prove `*.RUN`, alarm `*.TRIP`."
LCP-HSL,DDC-HSL-14,"EF-33, EF-97, RF-7",Scheduled ventilation / exhaust; Start/stop + status/alarm,9,"Purpose: Ventilation / exhaust: run to the occupancy schedule and IAQ demand. | Control: Start/stop `*.SS` on schedule; interlock with associated AHU / fire mode; prove `*.RUN`, alarm `*.TRIP`. | Purpose: Supervise RF-7: start/stop, status and alarm as available."
LCP-HSL,DDC-HSL-15,"RF-8, RF-9",Start/stop + status/alarm,6,"Purpose: Supervise RF-8, RF-9: start/stop, status and alarm as available."
LCP-HSL,DDC-HSL-16,POOL-FP,Start/stop + status/alarm,3,"Purpose: Supervise POOL-FP: start/stop, status and alarm as available."
LCP-HSL,DDC-HSL-17,MTR-AHU-KWH,Energy integration (monitor only),1,"Purpose: Energy metering (no control output). | Function: Integrate pulse/analog energy for trend, demand limiting and peak monitoring; feed the dispatch/peak-shave logic."
LCP-HSH,DDC-HSH-01,"EX-3-1, EX-3-2",Primary valve modulates to secondary outlet setpoint,8,"Purpose: Transfer heat to the tempered loop; hold the secondary supply temperature. | Control: Modulate primary control valve `*.PV` (feedback `*.PVFB`) to hold the secondary outlet setpoint `*.S-OUT` from primary inlet `*.P-IN`. Lead/lag/standby across 2 exchangers (EX-3-1, EX-3-2): stage on demand, rotate lead on equal run-hours, prove each start before staging the next. | Safeties: Freeze / high-temp limit on the secondary; valve-fault supervision; isolate on served-loop shutdown."
LCP-HSH,DDC-HSH-02,"CP-2-1, CP-2-2, CP-2-3",Lead/lag VFD to header Δp (variable flow),21,"Purpose: Chilled-water distribution pumps: maintain loop flow for the served load. | Sequencing: Start/stop on system demand via `CP-2-1.SS`, one pump at a time with flow/Δp proof. Lead/lag/standby across 3 pumps (CP-2-1, CP-2-2, CP-2-3): stage on demand, rotate lead on equal run-hours, prove each start before staging the next. | Modulation & reset: VFD (`*.SPD`, feedback `*.SPDFB`) modulates to hold the header differential pressure; reset the Δp setpoint down to the most-open served valve (variable-flow). | Safeties & monitoring: Prove flow before loading; trip on `*.TRIP`; low-Δp / no-flow and pump-fault alarms; protect duty OR standby availability at all times."
LCP-HSH,DDC-HSH-03,"CP-3-1, CP-3-2, CP-6-1",Lead/lag VFD to header Δp (variable flow),21,"Purpose: Chilled-water distribution pumps: maintain loop flow for the served load. | Sequencing: Start/stop on system demand via `CP-3-1.SS`, one pump at a time with flow/Δp proof. Lead/lag/standby across 3 pumps (CP-3-1, CP-3-2, CP-6-1): stage on demand, rotate lead on equal run-hours, prove each start before staging the next. | Modulation & reset: VFD (`*.SPD`, feedback `*.SPDFB`) modulates to hold the header differential pressure; reset the Δp setpoint down to the most-open served valve (variable-flow). | Safeties & monitoring: Prove flow before loading; trip on `*.TRIP`; low-Δp / no-flow and pump-fault alarms; protect duty OR standby availability at all times."
LCP-HSH,DDC-HSH-04,CP-6-2,Lead/lag VFD to header Δp (variable flow),7,"Purpose: Chilled-water distribution pumps: maintain loop flow for the served load. | Sequencing: Start/stop on system demand via `CP-6-2.SS`. | Modulation & reset: VFD (`*.SPD`, feedback `*.SPDFB`) modulates to hold the header differential pressure; reset the Δp setpoint down to the most-open served valve (variable-flow). | Safeties & monitoring: Prove flow before loading; trip on `*.TRIP`; low-Δp / no-flow and pump-fault alarms; protect duty OR standby availability at all times."
LCP-HSH,DDC-HSH-05,"HP-2-1, HP-2-2, HP-2-3",Heating-season lead/lag to header Δp,21,"Purpose: Hot-water distribution pumps: maintain loop flow for the served load. | Sequencing: Start/stop on system demand via `HP-2-1.SS`, one pump at a time with flow/Δp proof. Lead/lag/standby across 3 pumps (HP-2-1, HP-2-2, HP-2-3): stage on demand, rotate lead on equal run-hours, prove each start before staging the next. | Modulation & reset: VFD (`*.SPD`, feedback `*.SPDFB`) modulates to hold the header differential pressure; reset the Δp setpoint down to the most-open served valve (variable-flow). | Safeties & monitoring: Prove flow before loading; trip on `*.TRIP`; low-Δp / no-flow and pump-fault alarms; protect duty OR standby availability at all times."
LCP-HSH,DDC-HSH-06,EXT-2,Loop pressurisation,3,Purpose: Loop pressurisation / expansion set. | Control: Maintain fill pressure via makeup valve/pump; low-pressure & level alarms.
LCP-HSH,DDC-HSH-07,ST-2,OA tempering to setpoint,3,Purpose: Outdoor-air station: temper and deliver ventilation air to the loop. | Control: Modulate to the OA supply setpoint; enable with the served distribution; economizer-favourable in shoulder season.
LCP-HSH,DDC-HSH-08,"EVU-11, EVU-12, EVU-13",Scheduled ventilation / exhaust,39,"Purpose: Ventilation / exhaust: run to the occupancy schedule and IAQ demand. | Control: Start/stop `*.SS` on schedule; interlock with associated AHU / fire mode; prove `*.RUN`, alarm `*.TRIP`."
LCP-HSH,DDC-HSH-09,"EVU-14, EVU-15",Scheduled ventilation / exhaust,24,"Purpose: Ventilation / exhaust: run to the occupancy schedule and IAQ demand. | Control: Start/stop `*.SS` on schedule; interlock with associated AHU / fire mode; prove `*.RUN`, alarm `*.TRIP`."
LCP-HSH,DDC-HSH-10,"FCU-H-N, FCU-H-NE, FCU-H-SE",Zone thermostat + schedule batch,21,Purpose: Fan-coil zone group: maintain space temperature. | Control: Zone thermostat cycles fan / modulates the coil valve; batch on/off and night-setback by the schedule; status/alarm to BMS.
LCP-HSH,DDC-HSH-11,"FCU-H-S, FCU-H-SW",Zone thermostat + schedule batch,14,Purpose: Fan-coil zone group: maintain space temperature. | Control: Zone thermostat cycles fan / modulates the coil valve; batch on/off and night-setback by the schedule; status/alarm to BMS.
LCP-3637,DDC-3637-01,R-1,Economic dispatch + CHW/CW reset + twin-screw staging,10,"Purpose: R-1 is the local water-cooled twin-screw chiller (Ebara RHS DW202M2, 370 kW, COP 4.5) that backs up / peak-shaves the DHC supply on the 36/37F loop. | Economic dispatch (DHC vs R-1): DHC is the default source. Stage the chiller only when its marginal cost beats DHC by >5% or DHC is unavailable: run when `DHC_cost > R-1_cost x 1.05` and loop PLR > 0.15. Enable via `R-1.SS`; trim capacity with `R-1.DMD`. During the DHC coincident-peak window the demand adder pushes DHC above R-1 -> peak-shave mode. Bumpless changeover through CHGV-1/2 (branch vs through-main); no compressor start without both evaporator and condenser flow proven. | Capacity, staging & resets: Twin 45 kW screws: one up to ~55% loop PLR, both above; balanced load-share; anti-short-cycle min-on/off; rotate lead daily. CHW reset (trim-and-respond) 7->10 C to most-open coil; hold via `R-1.CHWST` (return `R-1.CHWRT`). Condenser-water reset = wet-bulb + 3.5 C, floored at 19 C (R-407C min-lift), tracked on `R-1.CWRT` via CT-3/CDP-3. | Safeties, backup & monitoring: Flow-proof + freeze + hi-discharge/low-suction interlocks; trip on `R-1.TRIP`; honour `R-1.LR` (local/remote). Weekly readiness exercise (Mon 10:00) when otherwise idle; live COP / kW-per-RT and evap/cond approach for FDD (low-DT, condenser fouling)."
LCP-3637,DDC-3637-02,HEX-1,Primary valve modulates to secondary outlet setpoint,7,Purpose: Transfer heat to the tempered loop; hold the secondary supply temperature. | Control: Modulate primary control valve `*.PV` (feedback `*.PVFB`) to hold the secondary outlet setpoint `*.S-OUT` from primary inlet `*.P-IN`. | Safeties: Freeze / high-temp limit on the secondary; valve-fault supervision; isolate on served-loop shutdown.
LCP-3637,DDC-3637-03,"CP-7-1, CP-7-2, CP-8-1",Lead/lag VFD to header Δp (variable flow),21,"Purpose: Chilled-water distribution pumps: maintain loop flow for the served load. | Sequencing: Start/stop on system demand via `CP-7-1.SS`, one pump at a time with flow/Δp proof. Lead/lag/standby across 3 pumps (CP-7-1, CP-7-2, CP-8-1): stage on demand, rotate lead on equal run-hours, prove each start before staging the next. | Modulation & reset: VFD (`*.SPD`, feedback `*.SPDFB`) modulates to hold the header differential pressure; reset the Δp setpoint down to the most-open served valve (variable-flow). | Safeties & monitoring: Prove flow before loading; trip on `*.TRIP`; low-Δp / no-flow and pump-fault alarms; protect duty OR standby availability at all times."
LCP-3637,DDC-3637-04,"CP-8-2, CP-8-3",Lead/lag VFD to header Δp (variable flow),14,"Purpose: Chilled-water distribution pumps: maintain loop flow for the served load. | Sequencing: Start/stop on system demand via `CP-8-2.SS`, one pump at a time with flow/Δp proof. Lead/lag/standby across 2 pumps (CP-8-2, CP-8-3): stage on demand, rotate lead on equal run-hours, prove each start before staging the next. | Modulation & reset: VFD (`*.SPD`, feedback `*.SPDFB`) modulates to hold the header differential pressure; reset the Δp setpoint down to the most-open served valve (variable-flow). | Safeties & monitoring: Prove flow before loading; trip on `*.TRIP`; low-Δp / no-flow and pump-fault alarms; protect duty OR standby availability at all times."
LCP-3637,DDC-3637-05,"HP-4-1, HP-4-2",Buffer-loop lead/lag to Δp,14,"Purpose: Secondary buffer-loop pumps: maintain loop flow for the served load. | Sequencing: Start/stop on system demand via `HP-4-1.SS`, one pump at a time with flow/Δp proof. Lead/lag/standby across 2 pumps (HP-4-1, HP-4-2): stage on demand, rotate lead on equal run-hours, prove each start before staging the next. | Modulation & reset: VFD (`*.SPD`, feedback `*.SPDFB`) modulates to hold the header differential pressure; reset the Δp setpoint down to the most-open served valve (variable-flow). | Safeties & monitoring: Prove flow before loading; trip on `*.TRIP`; low-Δp / no-flow and pump-fault alarms; protect duty OR standby availability at all times."
LCP-3637,DDC-3637-06,"EX4, EXT-3",Primary valve modulates to secondary outlet setpoint; Loop pressurisation,7,Purpose: Transfer heat to the tempered loop; hold the secondary supply temperature. | Control: Modulate primary control valve `*.PV` (feedback `*.PVFB`) to hold the secondary outlet setpoint `*.S-OUT` from primary inlet `*.P-IN`. | Safeties: Freeze / high-temp limit on the secondary; valve-fault supervision; isolate on served-loop shutdown. | Purpose: Loop pressurisation / expansion set. | Control: Maintain fill pressure via makeup valve/pump; low-pressure & level alarms.
LCP-3637,DDC-3637-07,"CHGV-1, CHGV-2",Bumpless source transfer + flow proof,4,Purpose: Source-changeover valve set (R-1 branch vs DHC through-main). | Control: Sequenced bumpless transfer with flow proof before compressor enable; position feedback and end-switch supervision.
LCP-3637,DDC-3637-08,"AC-22, AC-23, AC-24",Schedule + SAT coil control + economizer,38,"Purpose: Air-handling units AC-22, AC-23, AC-24: maintain supply-air temperature and space conditions on the occupancy schedule. | Start / fan control: Start/stop `*.SS` on the occupancy time-program; prove `*.RUN`, alarm `*.TRIP`. VFD supply fan `*.SPD` (feedback `*.SPDFB`) to duct static / demand. | Temperature control: Cooling coil `*.CCV` modulates to hold supply-air temp `*.SAT` (return `*.RAT`). Heating coil `*.HCV` sequenced with a deadband (no simultaneous heat/cool). Shoulder-season (Apr–May): drive to OA economizer / free-cooling — 100% OA, cooling coil closed — per the cutover plan. | Safeties & monitoring: Freeze-stat, fan-status proof, filter-DP and smoke/fire interlock (shut fan, spring-return dampers); high supply-temp alarm `*.SAT`."
LCP-3637,DDC-3637-09,"AC-25, AC-27",Schedule + SAT coil control + economizer,26,"Purpose: Air-handling units AC-25, AC-27: maintain supply-air temperature and space conditions on the occupancy schedule. | Start / fan control: Start/stop `*.SS` on the occupancy time-program; prove `*.RUN`, alarm `*.TRIP`. VFD supply fan `*.SPD` (feedback `*.SPDFB`) to duct static / demand. | Temperature control: Cooling coil `*.CCV` modulates to hold supply-air temp `*.SAT` (return `*.RAT`). Heating coil `*.HCV` sequenced with a deadband (no simultaneous heat/cool). Shoulder-season (Apr–May): drive to OA economizer / free-cooling — 100% OA, cooling coil closed — per the cutover plan. | Safeties & monitoring: Freeze-stat, fan-status proof, filter-DP and smoke/fire interlock (shut fan, spring-return dampers); high supply-temp alarm `*.SAT`."
LCP-3637,DDC-3637-10,FCU-3637,Zone thermostat + schedule batch,7,Purpose: Fan-coil zone group: maintain space temperature. | Control: Zone thermostat cycles fan / modulates the coil valve; batch on/off and night-setback by the schedule; status/alarm to BMS.
LCP-3637,DDC-3637-11,"EF-82, EF-83, EF-84",Scheduled ventilation / exhaust,11,"Purpose: Ventilation / exhaust: run to the occupancy schedule and IAQ demand. | Control: Start/stop `*.SS` on schedule; interlock with associated AHU / fire mode; prove `*.RUN`, alarm `*.TRIP`."
LCP-3637,DDC-3637-12,"EF-85, EF-86, EF-89",Scheduled ventilation / exhaust,9,"Purpose: Ventilation / exhaust: run to the occupancy schedule and IAQ demand. | Control: Start/stop `*.SS` on schedule; interlock with associated AHU / fire mode; prove `*.RUN`, alarm `*.TRIP`."
LCP-3637,DDC-3637-13,EF-98,Scheduled ventilation / exhaust,3,"Purpose: Ventilation / exhaust: run to the occupancy schedule and IAQ demand. | Control: Start/stop `*.SS` on schedule; interlock with associated AHU / fire mode; prove `*.RUN`, alarm `*.TRIP`."
LCP-1F,DDC-1F-01,AC-7,Schedule + SAT coil control + economizer,12,"Purpose: Air-handling unit AC-7: maintain supply-air temperature and space conditions on the occupancy schedule. | Start / fan control: Start/stop `*.SS` on the occupancy time-program; prove `*.RUN`, alarm `*.TRIP`. VFD supply fan `*.SPD` (feedback `*.SPDFB`) to duct static / demand. | Temperature control: Cooling coil `*.CCV` modulates to hold supply-air temp `*.SAT` (return `*.RAT`). Heating coil `*.HCV` sequenced with a deadband (no simultaneous heat/cool). Shoulder-season (Apr–May): drive to OA economizer / free-cooling — 100% OA, cooling coil closed — per the cutover plan. | Safeties & monitoring: Freeze-stat, fan-status proof, filter-DP and smoke/fire interlock (shut fan, spring-return dampers); high supply-temp alarm `*.SAT`."
LCP-1F,DDC-1F-02,"EVU-1, EVU-2, EVU-3",Scheduled ventilation / exhaust,36,"Purpose: Ventilation / exhaust: run to the occupancy schedule and IAQ demand. | Control: Start/stop `*.SS` on schedule; interlock with associated AHU / fire mode; prove `*.RUN`, alarm `*.TRIP`."
LCP-1F,DDC-1F-03,"EF-41, EF-42",Scheduled ventilation / exhaust,6,"Purpose: Ventilation / exhaust: run to the occupancy schedule and IAQ demand. | Control: Start/stop `*.SS` on schedule; interlock with associated AHU / fire mode; prove `*.RUN`, alarm `*.TRIP`."
LCP-2F,DDC-2F-01,"AC-8, AC-9, AC-10",Schedule + SAT coil control + economizer,36,"Purpose: Air-handling units AC-8, AC-9, AC-10: maintain supply-air temperature and space conditions on the occupancy schedule. | Start / fan control: Start/stop `*.SS` on the occupancy time-program; prove `*.RUN`, alarm `*.TRIP`. VFD supply fan `*.SPD` (feedback `*.SPDFB`) to duct static / demand. | Temperature control: Cooling coil `*.CCV` modulates to hold supply-air temp `*.SAT` (return `*.RAT`). Heating coil `*.HCV` sequenced with a deadband (no simultaneous heat/cool). Shoulder-season (Apr–May): drive to OA economizer / free-cooling — 100% OA, cooling coil closed — per the cutover plan. | Safeties & monitoring: Freeze-stat, fan-status proof, filter-DP and smoke/fire interlock (shut fan, spring-return dampers); high supply-temp alarm `*.SAT`."
LCP-2F,DDC-2F-02,"AC-11, AC-12, AC-13",Schedule + SAT coil control + economizer,36,"Purpose: Air-handling units AC-11, AC-12, AC-13: maintain supply-air temperature and space conditions on the occupancy schedule. | Start / fan control: Start/stop `*.SS` on the occupancy time-program; prove `*.RUN`, alarm `*.TRIP`. VFD supply fan `*.SPD` (feedback `*.SPDFB`) to duct static / demand. | Temperature control: Cooling coil `*.CCV` modulates to hold supply-air temp `*.SAT` (return `*.RAT`). Heating coil `*.HCV` sequenced with a deadband (no simultaneous heat/cool). Shoulder-season (Apr–May): drive to OA economizer / free-cooling — 100% OA, cooling coil closed — per the cutover plan. | Safeties & monitoring: Freeze-stat, fan-status proof, filter-DP and smoke/fire interlock (shut fan, spring-return dampers); high supply-temp alarm `*.SAT`."
LCP-2F,DDC-2F-03,"EVU-4, EVU-5, EVU-6",Scheduled ventilation / exhaust,36,"Purpose: Ventilation / exhaust: run to the occupancy schedule and IAQ demand. | Control: Start/stop `*.SS` on schedule; interlock with associated AHU / fire mode; prove `*.RUN`, alarm `*.TRIP`."
LCP-2F,DDC-2F-04,"EF-2-1, EF-46, EF-47",Scheduled ventilation / exhaust,9,"Purpose: Ventilation / exhaust: run to the occupancy schedule and IAQ demand. | Control: Start/stop `*.SS` on schedule; interlock with associated AHU / fire mode; prove `*.RUN`, alarm `*.TRIP`."
LCP-3F,DDC-3F-01,"AC-14, AC-15, AC-16",Schedule + SAT coil control + economizer,38,"Purpose: Air-handling units AC-14, AC-15, AC-16: maintain supply-air temperature and space conditions on the occupancy schedule. | Start / fan control: Start/stop `*.SS` on the occupancy time-program; prove `*.RUN`, alarm `*.TRIP`. VFD supply fan `*.SPD` (feedback `*.SPDFB`) to duct static / demand. | Temperature control: Cooling coil `*.CCV` modulates to hold supply-air temp `*.SAT` (return `*.RAT`). Heating coil `*.HCV` sequenced with a deadband (no simultaneous heat/cool). Shoulder-season (Apr–May): drive to OA economizer / free-cooling — 100% OA, cooling coil closed — per the cutover plan. | Safeties & monitoring: Freeze-stat, fan-status proof, filter-DP and smoke/fire interlock (shut fan, spring-return dampers); high supply-temp alarm `*.SAT`."
LCP-3F,DDC-3F-02,EVU-7,Scheduled ventilation / exhaust,12,"Purpose: Ventilation / exhaust: run to the occupancy schedule and IAQ demand. | Control: Start/stop `*.SS` on schedule; interlock with associated AHU / fire mode; prove `*.RUN`, alarm `*.TRIP`."
LCP-3F,DDC-3F-03,"EF-56, EF-60, EF-61",Scheduled ventilation / exhaust,9,"Purpose: Ventilation / exhaust: run to the occupancy schedule and IAQ demand. | Control: Start/stop `*.SS` on schedule; interlock with associated AHU / fire mode; prove `*.RUN`, alarm `*.TRIP`."
LCP-3F,DDC-3F-04,"EF-62, EF-76, EF-77",Scheduled ventilation / exhaust,9,"Purpose: Ventilation / exhaust: run to the occupancy schedule and IAQ demand. | Control: Start/stop `*.SS` on schedule; interlock with associated AHU / fire mode; prove `*.RUN`, alarm `*.TRIP`."
LCP-4F,DDC-4F-01,"AC-17, AC-18, AC-19",Schedule + SAT coil control + economizer,38,"Purpose: Air-handling units AC-17, AC-18, AC-19: maintain supply-air temperature and space conditions on the occupancy schedule. | Start / fan control: Start/stop `*.SS` on the occupancy time-program; prove `*.RUN`, alarm `*.TRIP`. VFD supply fan `*.SPD` (feedback `*.SPDFB`) to duct static / demand. | Temperature control: Cooling coil `*.CCV` modulates to hold supply-air temp `*.SAT` (return `*.RAT`). Heating coil `*.HCV` sequenced with a deadband (no simultaneous heat/cool). Shoulder-season (Apr–May): drive to OA economizer / free-cooling — 100% OA, cooling coil closed — per the cutover plan. | Safeties & monitoring: Freeze-stat, fan-status proof, filter-DP and smoke/fire interlock (shut fan, spring-return dampers); high supply-temp alarm `*.SAT`."
LCP-4F,DDC-4F-02,"AC-20, AC-21",Schedule + SAT coil control + economizer,24,"Purpose: Air-handling units AC-20, AC-21: maintain supply-air temperature and space conditions on the occupancy schedule. | Start / fan control: Start/stop `*.SS` on the occupancy time-program; prove `*.RUN`, alarm `*.TRIP`. VFD supply fan `*.SPD` (feedback `*.SPDFB`) to duct static / demand. | Temperature control: Cooling coil `*.CCV` modulates to hold supply-air temp `*.SAT` (return `*.RAT`). Heating coil `*.HCV` sequenced with a deadband (no simultaneous heat/cool). Shoulder-season (Apr–May): drive to OA economizer / free-cooling — 100% OA, cooling coil closed — per the cutover plan. | Safeties & monitoring: Freeze-stat, fan-status proof, filter-DP and smoke/fire interlock (shut fan, spring-return dampers); high supply-temp alarm `*.SAT`."
LCP-4F,DDC-4F-03,"EVU-8, EVU-9, EVU-10",Scheduled ventilation / exhaust,39,"Purpose: Ventilation / exhaust: run to the occupancy schedule and IAQ demand. | Control: Start/stop `*.SS` on schedule; interlock with associated AHU / fire mode; prove `*.RUN`, alarm `*.TRIP`."
LCP-4F,DDC-4F-04,"EF-54, EF-55, EF-57",Scheduled ventilation / exhaust,9,"Purpose: Ventilation / exhaust: run to the occupancy schedule and IAQ demand. | Control: Start/stop `*.SS` on schedule; interlock with associated AHU / fire mode; prove `*.RUN`, alarm `*.TRIP`."
LCP-4F,DDC-4F-05,"EF-58, EF-59, EF-59-2",Scheduled ventilation / exhaust,9,"Purpose: Ventilation / exhaust: run to the occupancy schedule and IAQ demand. | Control: Start/stop `*.SS` on schedule; interlock with associated AHU / fire mode; prove `*.RUN`, alarm `*.TRIP`."
LCP-4F,DDC-4F-06,"EF-67, EF-69, EF-70",Scheduled ventilation / exhaust,11,"Purpose: Ventilation / exhaust: run to the occupancy schedule and IAQ demand. | Control: Start/stop `*.SS` on schedule; interlock with associated AHU / fire mode; prove `*.RUN`, alarm `*.TRIP`."
LCP-4F,DDC-4F-07,EF-71,Scheduled ventilation / exhaust,3,"Purpose: Ventilation / exhaust: run to the occupancy schedule and IAQ demand. | Control: Start/stop `*.SS` on schedule; interlock with associated AHU / fire mode; prove `*.RUN`, alarm `*.TRIP`."
LCP-PKG,DDC-PKG-01,"PAC-1-1, PAC-1-2, PAC-2",Enable/monitor; integral DX (some 24/7),9,"Purpose: Packaged DX units (PAC-1-1, PAC-1-2, PAC-2) — several serve IT/electrical rooms and run continuously. | Control & monitoring: BMS enables/schedules via `*.SS` and monitors run `*.RUN` + fault `*.TRIP`; capacity is on the unit's integral DX thermostat. Electrical/IT-room units are 24/7 — treat as critical (stage spare cooling before any swap)."
LCP-PKG,DDC-PKG-02,"PAC-3, PAC-4, PAC-5",Enable/monitor; integral DX (some 24/7),9,"Purpose: Packaged DX units (PAC-3, PAC-4, PAC-5) — several serve IT/electrical rooms and run continuously. | Control & monitoring: BMS enables/schedules via `*.SS` and monitors run `*.RUN` + fault `*.TRIP`; capacity is on the unit's integral DX thermostat. Electrical/IT-room units are 24/7 — treat as critical (stage spare cooling before any swap)."
LCP-PKG,DDC-PKG-03,"PCU-1-1, PCU-1-2, PCU-5",Enable/monitor; integral DX (some 24/7),9,"Purpose: Packaged DX units (PCU-1-1, PCU-1-2, PCU-5) — several serve IT/electrical rooms and run continuously. | Control & monitoring: BMS enables/schedules via `*.SS` and monitors run `*.RUN` + fault `*.TRIP`; capacity is on the unit's integral DX thermostat. Electrical/IT-room units are 24/7 — treat as critical (stage spare cooling before any swap)."
LCP-PKG,DDC-PKG-04,"PCU-6, PCU-7, PCU-8",Enable/monitor; integral DX (some 24/7),9,"Purpose: Packaged DX units (PCU-6, PCU-7, PCU-8) — several serve IT/electrical rooms and run continuously. | Control & monitoring: BMS enables/schedules via `*.SS` and monitors run `*.RUN` + fault `*.TRIP`; capacity is on the unit's integral DX thermostat. Electrical/IT-room units are 24/7 — treat as critical (stage spare cooling before any swap)."
LCP-PKG,DDC-PKG-05,"PCU-10, PCU-11, PCU-12",Enable/monitor; integral DX (some 24/7),9,"Purpose: Packaged DX units (PCU-10, PCU-11, PCU-12) — several serve IT/electrical rooms and run continuously. | Control & monitoring: BMS enables/schedules via `*.SS` and monitors run `*.RUN` + fault `*.TRIP`; capacity is on the unit's integral DX thermostat. Electrical/IT-room units are 24/7 — treat as critical (stage spare cooling before any swap)."
LCP-PKG,DDC-PKG-06,"PCU-13, PMAC-1",Enable/monitor; integral DX (some 24/7),6,"Purpose: Packaged DX units (PCU-13, PMAC-1) — several serve IT/electrical rooms and run continuously. | Control & monitoring: BMS enables/schedules via `*.SS` and monitors run `*.RUN` + fault `*.TRIP`; capacity is on the unit's integral DX thermostat. Electrical/IT-room units are 24/7 — treat as critical (stage spare cooling before any swap)."
LCP-PKG,DDC-PKG-07,REFR-1,Start/stop + status/alarm,7,"Purpose: Supervise REFR-1: start/stop, status and alarm as available."
LCP-LTG,DDC-LTG-01,"LTG-AVIATION, LTG-NEON, LTG-BALCONY-L",Time/astro On-Off + status,6,"Purpose: Common-area & facade lighting groups on time-program / astronomical clock. | Control: On/Off `*.CMD` by schedule (and photocell/astro for facade); status `*.ST` proof. | Life-safety: Aviation obstruction light: regulatory — independent circuit, dusk-to-dawn/photocell, never commanded dark; failure alarms to central."
LCP-LTG,DDC-LTG-02,"LTG-BALCONY-H, LTG-CORRIDOR, LTG-LOBBY",Time/astro On-Off + status,6,Purpose: Common-area & facade lighting groups on time-program / astronomical clock. | Control: On/Off `*.CMD` by schedule (and photocell/astro for facade); status `*.ST` proof.
LCP-LTG,DDC-LTG-03,"LTG-SOFFIT, LTG-TENANT",Time/astro On-Off + status,4,Purpose: Common-area & facade lighting groups on time-program / astronomical clock. | Control: On/Off `*.CMD` by schedule (and photocell/astro for facade); status `*.ST` proof.
